global_index,waypoint_id,edge_id,path_id,node_from,node_to,s_m,x,y,yaw,kappa,v_mps,speed_limit_mps,behavior,direction
0,WP_E_C-001_F_000000,E_C-001_F,C-001,N0001,N0002,0.0,0.554,1.473,-0.9178,-0.047082,1.0,1.0,follow,forward
1,WP_E_C-001_F_000001,E_C-001_F,C-001,N0001,N0002,0.2,0.676,1.314,-0.9366,-0.047082,1.0,1.0,follow,forward
2,WP_E_C-001_F_000002,E_C-001_F,C-001,N0001,N0002,0.4,0.794,1.153,-0.9378,-0.002899,1.0,1.0,follow,forward
3,WP_E_C-001_F_000003,E_C-001_F,C-001,N0001,N0002,0.6,0.913,0.991,-0.9193,0.046192,1.0,1.0,follow,forward
4,WP_E_C-001_F_000004,E_C-001_F,C-001,N0001,N0002,0.8,1.034,0.832,-0.879,0.100749,1.0,1.0,follow,forward
5,WP_E_C-001_F_000005,E_C-001_F,C-001,N0001,N0002,1.0,1.162,0.678,-0.8149,0.160284,1.0,1.0,follow,forward
6,WP_E_C-001_F_000006,E_C-001_F,C-001,N0001,N0002,1.2,1.299,0.533,-0.7265,0.221334,1.0,1.0,follow,forward
7,WP_E_C-001_F_000007,E_C-001_F,C-001,N0001,N0002,1.4,1.448,0.4,-0.6164,0.27583,1.0,1.0,follow,forward
8,WP_E_C-001_F_000008,E_C-001_F,C-001,N0001,N0002,1.6,1.611,0.284,-0.492,0.31193,1.0,1.0,follow,forward
9,WP_E_C-001_F_000009,E_C-001_F,C-001,N0001,N0002,1.8,1.787,0.19,-0.372,0.314606,1.0,1.0,follow,forward
10,WP_E_C-001_F_000010,E_C-001_F,C-001,N0001,N0002,1.982,1.957,0.124,-0.372,0.314606,1.0,1.0,follow,forward
11,WP_E_L-001_F_000000,E_L-001_F,L-001,N0002,N0003,0.0,1.957,0.124,0.0,0.0,1.0,1.0,follow,forward
12,WP_E_L-001_F_000001,E_L-001_F,L-001,N0002,N0003,0.2,2.157,0.124,0.0,0.0,1.0,1.0,follow,forward
13,WP_E_L-001_F_000002,E_L-001_F,L-001,N0002,N0003,0.4,2.357,0.124,0.0,0.0,1.0,1.0,follow,forward
14,WP_E_L-001_F_000003,E_L-001_F,L-001,N0002,N0003,0.6,2.557,0.124,0.0,0.0,1.0,1.0,follow,forward
15,WP_E_L-001_F_000004,E_L-001_F,L-001,N0002,N0003,0.8,2.757,0.124,0.0,0.0,1.0,1.0,follow,forward
16,WP_E_L-001_F_000005,E_L-001_F,L-001,N0002,N0003,1.0,2.957,0.124,0.0,0.0,1.0,1.0,follow,forward
17,WP_E_L-001_F_000006,E_L-001_F,L-001,N0002,N0003,1.2,3.157,0.124,0.0,0.0,1.0,1.0,follow,forward
18,WP_E_L-001_F_000007,E_L-001_F,L-001,N0002,N0003,1.4,3.357,0.124,0.0,0.0,1.0,1.0,follow,forward
19,WP_E_L-001_F_000008,E_L-001_F,L-001,N0002,N0003,1.6,3.557,0.124,0.0,0.0,1.0,1.0,follow,forward
20,WP_E_L-001_F_000009,E_L-001_F,L-001,N0002,N0003,1.8,3.757,0.124,0.0,0.0,1.0,1.0,follow,forward
21,WP_E_L-001_F_000010,E_L-001_F,L-001,N0002,N0003,2.0,3.957,0.124,0.0,0.0,1.0,1.0,follow,forward
22,WP_E_L-001_F_000011,E_L-001_F,L-001,N0002,N0003,2.2,4.157,0.124,0.0,0.0,1.0,1.0,follow,forward
23,WP_E_L-001_F_000012,E_L-001_F,L-001,N0002,N0003,2.4,4.357,0.124,0.0,0.0,1.0,1.0,follow,forward
24,WP_E_L-001_F_000013,E_L-001_F,L-001,N0002,N0003,2.6,4.557,0.124,0.0,0.0,1.0,1.0,follow,forward
25,WP_E_L-001_F_000014,E_L-001_F,L-001,N0002,N0003,2.8,4.757,0.124,0.0,0.0,1.0,1.0,follow,forward
26,WP_E_L-001_F_000015,E_L-001_F,L-001,N0002,N0003,3.0,4.957,0.124,0.0,0.0,1.0,1.0,follow,forward
27,WP_E_L-001_F_000016,E_L-001_F,L-001,N0002,N0003,3.2,5.157,0.124,0.0,0.0,1.0,1.0,follow,forward
28,WP_E_L-001_F_000017,E_L-001_F,L-001,N0002,N0003,3.4,5.357,0.124,0.0,0.0,1.0,1.0,follow,forward
29,WP_E_L-001_F_000018,E_L-001_F,L-001,N0002,N0003,3.48,5.436,0.124,0.0,0.0,1.0,1.0,follow,forward
30,WP_E_C-002_F_000000,E_C-002_F,C-002,N0003,N0004,0.0,5.436,0.124,0.7445,0.166201,1.0,1.0,follow,forward
31,WP_E_C-002_F_000001,E_C-002_F,C-002,N0003,N0004,0.2,5.584,0.259,0.8109,0.166201,1.0,1.0,follow,forward
32,WP_E_C-002_F_000002,E_C-002_F,C-002,N0003,N0004,0.4,5.721,0.404,0.8915,0.201582,1.0,1.0,follow,forward
33,WP_E_C-002_F_000003,E_C-002_F,C-002,N0003,N0004,0.6,5.847,0.56,0.9887,0.243285,1.0,1.0,follow,forward
34,WP_E_C-002_F_000004,E_C-002_F,C-002,N0003,N0004,0.8,5.957,0.727,1.1035,0.287817,1.0,1.0,follow,forward
35,WP_E_C-002_F_000005,E_C-002_F,C-002,N0003,N0004,1.0,6.047,0.905,1.234,0.327117,1.0,1.0,follow,forward
36,WP_E_C-002_F_000006,E_C-002_F,C-002,N0003,N0004,1.2,6.113,1.094,1.3733,0.349223,1.0,1.0,follow,forward
37,WP_E_C-002_F_000007,E_C-002_F,C-002,N0003,N0004,1.399,6.152,1.29,1.5107,0.344614,1.0,1.0,follow,forward
38,WP_E_C-002_F_000008,E_C-002_F,C-002,N0003,N0004,1.599,6.164,1.489,1.6359,0.313859,1.0,1.0,follow,forward
39,WP_E_C-002_F_000009,E_C-002_F,C-002,N0003,N0004,1.799,6.151,1.689,1.7426,0.267125,1.0,1.0,follow,forward
40,WP_E_C-002_F_000010,E_C-002_F,C-002,N0003,N0004,1.999,6.117,1.886,1.8291,0.21652,1.0,1.0,follow,forward
41,WP_E_C-002_F_000011,E_C-002_F,C-002,N0003,N0004,2.199,6.066,2.079,1.8969,0.169809,1.0,1.0,follow,forward
42,WP_E_C-002_F_000012,E_C-002_F,C-002,N0003,N0004,2.399,6.002,2.269,1.9489,0.130066,1.0,1.0,follow,forward
43,WP_E_C-002_F_000013,E_C-002_F,C-002,N0003,N0004,2.599,5.928,2.454,1.9866,0.097056,1.0,1.0,follow,forward
44,WP_E_C-002_F_000014,E_C-002_F,C-002,N0003,N0004,2.787,5.852,2.627,1.9866,0.097056,1.0,1.0,follow,forward
45,WP_E_L-002_F_000000,E_L-002_F,L-002,N0004,N0005,0.0,5.852,2.627,3.0309,-0.0,1.0,1.0,follow,forward
46,WP_E_L-002_F_000001,E_L-002_F,L-002,N0004,N0005,0.2,5.653,2.649,3.0309,-0.0,1.0,1.0,follow,forward
47,WP_E_L-002_F_000002,E_L-002_F,L-002,N0004,N0005,0.4,5.454,2.671,3.0309,0.0,1.0,1.0,follow,forward
48,WP_E_L-002_F_000003,E_L-002_F,L-002,N0004,N0005,0.6,5.256,2.693,3.0309,0.0,1.0,1.0,follow,forward
49,WP_E_L-002_F_000004,E_L-002_F,L-002,N0004,N0005,0.8,5.057,2.715,3.0309,0.0,1.0,1.0,follow,forward
50,WP_E_L-002_F_000005,E_L-002_F,L-002,N0004,N0005,1.0,4.858,2.737,3.0309,0.0,1.0,1.0,follow,forward
51,WP_E_L-002_F_000006,E_L-002_F,L-002,N0004,N0005,1.2,4.659,2.759,3.0309,0.0,1.0,1.0,follow,forward
52,WP_E_L-002_F_000007,E_L-002_F,L-002,N0004,N0005,1.4,4.461,2.781,3.0309,0.0,1.0,1.0,follow,forward
53,WP_E_L-002_F_000008,E_L-002_F,L-002,N0004,N0005,1.6,4.262,2.804,3.0309,-0.0,1.0,1.0,follow,forward
54,WP_E_L-002_F_000009,E_L-002_F,L-002,N0004,N0005,1.8,4.063,2.826,3.0309,-0.0,1.0,1.0,follow,forward
55,WP_E_L-002_F_000010,E_L-002_F,L-002,N0004,N0005,2.0,3.864,2.848,3.0309,0.0,1.0,1.0,follow,forward
56,WP_E_L-002_F_000011,E_L-002_F,L-002,N0004,N0005,2.2,3.665,2.87,3.0309,0.0,1.0,1.0,follow,forward
57,WP_E_L-002_F_000012,E_L-002_F,L-002,N0004,N0005,2.4,3.467,2.892,3.0309,0.0,1.0,1.0,follow,forward
58,WP_E_L-002_F_000013,E_L-002_F,L-002,N0004,N0005,2.6,3.268,2.914,3.0309,-0.0,1.0,1.0,follow,forward
59,WP_E_L-002_F_000014,E_L-002_F,L-002,N0004,N0005,2.8,3.069,2.936,3.0309,0.0,1.0,1.0,follow,forward
60,WP_E_L-002_F_000015,E_L-002_F,L-002,N0004,N0005,3.0,2.87,2.958,3.0309,-0.0,1.0,1.0,follow,forward
61,WP_E_L-002_F_000016,E_L-002_F,L-002,N0004,N0005,3.2,2.672,2.98,3.0309,-0.0,1.0,1.0,follow,forward
62,WP_E_L-002_F_000017,E_L-002_F,L-002,N0004,N0005,3.4,2.473,3.002,3.0309,0.0,1.0,1.0,follow,forward
63,WP_E_L-002_F_000018,E_L-002_F,L-002,N0004,N0005,3.6,2.274,3.025,3.0309,-0.0,1.0,1.0,follow,forward
64,WP_E_L-002_F_000019,E_L-002_F,L-002,N0004,N0005,3.8,2.075,3.047,3.0309,0.0,1.0,1.0,follow,forward
65,WP_E_L-002_F_000020,E_L-002_F,L-002,N0004,N0005,4.0,1.876,3.069,3.0309,-0.0,1.0,1.0,follow,forward
66,WP_E_L-002_F_000021,E_L-002_F,L-002,N0004,N0005,4.021,1.856,3.071,3.0309,-0.0,1.0,1.0,follow,forward
67,WP_E_C-003_F_000000,E_C-003_F,C-003,N0005,N0016,0.0,1.856,3.071,2.9169,-0.111771,1.0,1.0,follow,forward
68,WP_E_C-003_F_000001,E_C-003_F,C-003,N0005,N0016,0.2,1.661,3.116,2.8722,-0.111771,1.0,1.0,follow,forward
69,WP_E_C-003_F_000002,E_C-003_F,C-003,N0005,N0016,0.4,1.468,3.169,2.809,-0.15809,1.0,1.0,follow,forward
70,WP_E_C-003_F_000003,E_C-003_F,C-003,N0005,N0016,0.6,1.279,3.234,2.7201,-0.222474,1.0,1.0,follow,forward
71,WP_E_C-003_F_000004,E_C-003_F,C-003,N0005,N0016,0.8,1.097,3.316,2.6045,-0.289726,1.0,1.0,follow,forward
72,WP_E_C-003_F_000005,E_C-003_F,C-003,N0005,N0016,1.0,0.925,3.418,2.4838,-0.302357,1.0,1.0,follow,forward
73,WP_E_C-003_F_000006,E_C-003_F,C-003,N0005,N0016,1.2,0.767,3.54,2.4011,-0.207151,1.0,1.0,follow,forward
74,WP_E_C-003_F_000007,E_C-003_F,C-003,N0005,N0016,1.4,0.619,3.675,2.3777,-0.058449,1.0,1.0,follow,forward
75,WP_E_C-003_F_000008,E_C-003_F,C-003,N0005,N0016,1.6,0.475,3.814,2.3981,0.051139,1.0,1.0,follow,forward
76,WP_E_C-003_F_000009,E_C-003_F,C-003,N0005,N0016,1.8,0.328,3.949,2.438,0.099706,1.0,1.0,follow,forward
77,WP_E_C-003_F_000010,E_C-003_F,C-003,N0005,N0016,2.0,0.175,4.078,2.4819,0.109654,1.0,1.0,follow,forward
78,WP_E_C-003_F_000011,E_C-003_F,C-003,N0005,N0016,2.2,0.017,4.201,2.523,0.10279,1.0,1.0,follow,forward
79,WP_E_C-003_F_000012,E_C-003_F,C-003,N0005,N0016,2.4,-0.146,4.317,2.5593,0.090899,1.0,1.0,follow,forward
80,WP_E_C-003_F_000013,E_C-003_F,C-003,N0005,N0016,2.6,-0.313,4.427,2.5908,0.078734,1.0,1.0,follow,forward
81,WP_E_C-003_F_000014,E_C-003_F,C-003,N0005,N0016,2.799,-0.483,4.532,2.6179,0.067869,1.0,1.0,follow,forward
82,WP_E_C-003_F_000015,E_C-003_F,C-003,N0005,N0016,2.999,-0.656,4.632,2.6324,0.053947,1.0,1.0,follow,forward
83,WP_E_C-003_F_000016,E_C-003_F,C-003,N0005,N0016,3.068,-0.716,4.665,2.6324,0.053947,1.0,1.0,follow,forward
84,WP_E_C-005_F_000000,E_C-005_F,C-005,N0016,N0006,0.0,-0.716,4.665,2.8015,0.145328,1.0,1.0,follow,forward
85,WP_E_C-005_F_000001,E_C-005_F,C-005,N0016,N0006,0.2,-0.904,4.731,2.8596,0.145328,1.0,1.0,follow,forward
86,WP_E_C-005_F_000002,E_C-005_F,C-005,N0016,N0006,0.4,-1.096,4.787,2.88,0.051083,1.0,1.0,follow,forward
87,WP_E_C-005_F_000003,E_C-005_F,C-005,N0016,N0006,0.6,-1.289,4.839,2.8953,0.038332,1.0,1.0,follow,forward
88,WP_E_C-005_F_000004,E_C-005_F,C-005,N0016,N0006,0.8,-1.483,4.888,2.9086,0.033105,1.0,1.0,follow,forward
89,WP_E_C-005_F_000005,E_C-005_F,C-005,N0016,N0006,1.0,-1.678,4.934,2.9207,0.030445,1.0,1.0,follow,forward
90,WP_E_C-005_F_000006,E_C-005_F,C-005,N0016,N0006,1.2,-1.873,4.978,2.9323,0.028975,1.0,1.0,follow,forward
91,WP_E_C-005_F_000007,E_C-005_F,C-005,N0016,N0006,1.4,-2.069,5.019,2.9436,0.028206,1.0,1.0,follow,forward
92,WP_E_C-005_F_000008,E_C-005_F,C-005,N0016,N0006,1.6,-2.265,5.058,2.9548,0.027863,1.0,1.0,follow,forward
93,WP_E_C-005_F_000009,E_C-005_F,C-005,N0016,N0006,1.8,-2.461,5.096,2.9659,0.027819,1.0,1.0,follow,forward
94,WP_E_C-005_F_000010,E_C-005_F,C-005,N0016,N0006,2.0,-2.658,5.131,2.9771,0.028035,1.0,1.0,follow,forward
95,WP_E_C-005_F_000011,E_C-005_F,C-005,N0016,N0006,2.2,-2.856,5.163,2.9885,0.028405,1.0,1.0,follow,forward
96,WP_E_C-005_F_000012,E_C-005_F,C-005,N0016,N0006,2.4,-3.053,5.194,3.0001,0.028983,1.0,1.0,follow,forward
97,WP_E_C-005_F_000013,E_C-005_F,C-005,N0016,N0006,2.6,-3.251,5.222,3.0119,0.029664,1.0,1.0,follow,forward
98,WP_E_C-005_F_000014,E_C-005_F,C-005,N0016,N0006,2.8,-3.45,5.248,3.0241,0.030506,1.0,1.0,follow,forward
99,WP_E_C-005_F_000015,E_C-005_F,C-005,N0016,N0006,3.0,-3.648,5.271,3.0367,0.031513,1.0,1.0,follow,forward
100,WP_E_C-005_F_000016,E_C-005_F,C-005,N0016,N0006,3.2,-3.847,5.292,3.0498,0.032604,1.0,1.0,follow,forward
101,WP_E_C-005_F_000017,E_C-005_F,C-005,N0016,N0006,3.4,-4.046,5.311,3.0633,0.033908,1.0,1.0,follow,forward
102,WP_E_C-005_F_000018,E_C-005_F,C-005,N0016,N0006,3.6,-4.246,5.326,3.0774,0.035293,1.0,1.0,follow,forward
103,WP_E_C-005_F_000019,E_C-005_F,C-005,N0016,N0006,3.8,-4.445,5.339,3.0885,0.035747,1.0,1.0,follow,forward
104,WP_E_C-005_F_000020,E_C-005_F,C-005,N0016,N0006,3.908,-4.553,5.345,3.0885,0.035747,1.0,1.0,follow,forward
105,WP_E_L-003_F_000000,E_L-003_F,L-003,N0006,N0012,0.0,-4.553,5.345,-3.0997,0.0,1.0,1.0,follow,forward
106,WP_E_L-003_F_000001,E_L-003_F,L-003,N0006,N0012,0.2,-4.753,5.336,-3.0997,0.0,1.0,1.0,follow,forward
107,WP_E_L-003_F_000002,E_L-003_F,L-003,N0006,N0012,0.4,-4.953,5.328,-3.0997,0.0,1.0,1.0,follow,forward
108,WP_E_L-003_F_000003,E_L-003_F,L-003,N0006,N0012,0.6,-5.153,5.32,-3.0997,0.0,1.0,1.0,follow,forward
109,WP_E_L-003_F_000004,E_L-003_F,L-003,N0006,N0012,0.8,-5.353,5.311,-3.0997,-0.0,1.0,1.0,follow,forward
110,WP_E_L-003_F_000005,E_L-003_F,L-003,N0006,N0012,1.0,-5.552,5.303,-3.0997,0.0,1.0,1.0,follow,forward
111,WP_E_L-003_F_000006,E_L-003_F,L-003,N0006,N0012,1.2,-5.752,5.295,-3.0997,0.0,1.0,1.0,follow,forward
112,WP_E_L-003_F_000007,E_L-003_F,L-003,N0006,N0012,1.4,-5.952,5.286,-3.0997,-0.0,1.0,1.0,follow,forward
113,WP_E_L-003_F_000008,E_L-003_F,L-003,N0006,N0012,1.6,-6.152,5.278,-3.0997,0.0,1.0,1.0,follow,forward
114,WP_E_L-003_F_000009,E_L-003_F,L-003,N0006,N0012,1.8,-6.352,5.269,-3.0997,-0.0,1.0,1.0,follow,forward
115,WP_E_L-003_F_000010,E_L-003_F,L-003,N0006,N0012,2.0,-6.552,5.261,-3.0997,0.0,1.0,1.0,follow,forward
116,WP_E_L-003_F_000011,E_L-003_F,L-003,N0006,N0012,2.2,-6.751,5.253,-3.0997,-0.0,1.0,1.0,follow,forward
117,WP_E_L-003_F_000012,E_L-003_F,L-003,N0006,N0012,2.4,-6.951,5.244,-3.0997,-0.0,1.0,1.0,follow,forward
118,WP_E_L-003_F_000013,E_L-003_F,L-003,N0006,N0012,2.431,-6.982,5.243,-3.0997,-0.0,1.0,1.0,follow,forward
119,WP_E_L-006_F_000000,E_L-006_F,L-006,N0012,N0007,0.0,-6.982,5.243,3.0863,0.0,1.0,1.0,follow,forward
120,WP_E_L-006_F_000001,E_L-006_F,L-006,N0012,N0007,0.2,-7.182,5.254,3.0863,0.0,1.0,1.0,follow,forward
121,WP_E_L-006_F_000002,E_L-006_F,L-006,N0012,N0007,0.4,-7.381,5.265,3.0863,-0.0,1.0,1.0,follow,forward
122,WP_E_L-006_F_000003,E_L-006_F,L-006,N0012,N0007,0.6,-7.581,5.276,3.0863,0.0,1.0,1.0,follow,forward
123,WP_E_L-006_F_000004,E_L-006_F,L-006,N0012,N0007,0.8,-7.781,5.287,3.0863,-0.0,1.0,1.0,follow,forward
124,WP_E_L-006_F_000005,E_L-006_F,L-006,N0012,N0007,1.0,-7.98,5.298,3.0863,0.0,1.0,1.0,follow,forward
125,WP_E_L-006_F_000006,E_L-006_F,L-006,N0012,N0007,1.2,-8.18,5.309,3.0863,-0.0,1.0,1.0,follow,forward
126,WP_E_L-006_F_000007,E_L-006_F,L-006,N0012,N0007,1.4,-8.38,5.32,3.0863,-0.0,1.0,1.0,follow,forward
127,WP_E_L-006_F_000008,E_L-006_F,L-006,N0012,N0007,1.6,-8.579,5.331,3.0863,0.0,1.0,1.0,follow,forward
128,WP_E_L-006_F_000009,E_L-006_F,L-006,N0012,N0007,1.8,-8.779,5.342,3.0863,-0.0,1.0,1.0,follow,forward
129,WP_E_L-006_F_000010,E_L-006_F,L-006,N0012,N0007,2.0,-8.979,5.353,3.0863,0.0,1.0,1.0,follow,forward
130,WP_E_L-006_F_000011,E_L-006_F,L-006,N0012,N0007,2.2,-9.179,5.364,3.0863,0.0,1.0,1.0,follow,forward
131,WP_E_L-006_F_000012,E_L-006_F,L-006,N0012,N0007,2.4,-9.378,5.375,3.0863,-0.0,1.0,1.0,follow,forward
132,WP_E_L-006_F_000013,E_L-006_F,L-006,N0012,N0007,2.6,-9.578,5.387,3.0863,0.0,1.0,1.0,follow,forward
133,WP_E_L-006_F_000014,E_L-006_F,L-006,N0012,N0007,2.8,-9.778,5.398,3.0863,-0.0,1.0,1.0,follow,forward
134,WP_E_L-006_F_000015,E_L-006_F,L-006,N0012,N0007,3.0,-9.977,5.409,3.0863,0.0,1.0,1.0,follow,forward
135,WP_E_L-006_F_000016,E_L-006_F,L-006,N0012,N0007,3.2,-10.177,5.42,3.0863,-0.0,1.0,1.0,follow,forward
136,WP_E_L-006_F_000017,E_L-006_F,L-006,N0012,N0007,3.4,-10.377,5.431,3.0863,0.0,1.0,1.0,follow,forward
137,WP_E_L-006_F_000018,E_L-006_F,L-006,N0012,N0007,3.6,-10.576,5.442,3.0863,-0.0,1.0,1.0,follow,forward
138,WP_E_L-006_F_000019,E_L-006_F,L-006,N0012,N0007,3.8,-10.776,5.453,3.0863,0.0,1.0,1.0,follow,forward
139,WP_E_L-006_F_000020,E_L-006_F,L-006,N0012,N0007,3.801,-10.777,5.453,3.0863,0.0,1.0,1.0,follow,forward
140,WP_E_C-004_F_000000,E_C-004_F,C-004,N0007,N0008,0.0,-10.777,5.453,2.7434,-0.098186,1.0,1.0,follow,forward
141,WP_E_C-004_F_000001,E_C-004_F,C-004,N0007,N0008,0.2,-10.962,5.53,2.7042,-0.098186,1.0,1.0,follow,forward
142,WP_E_C-004_F_000002,E_C-004_F,C-004,N0007,N0008,0.4,-11.143,5.615,2.6576,-0.116328,1.0,1.0,follow,forward
143,WP_E_C-004_F_000003,E_C-004_F,C-004,N0007,N0008,0.6,-11.32,5.708,2.6021,-0.139046,1.0,1.0,follow,forward
144,WP_E_C-004_F_000004,E_C-004_F,C-004,N0007,N0008,0.8,-11.491,5.811,2.535,-0.167683,1.0,1.0,follow,forward
145,WP_E_C-004_F_000005,E_C-004_F,C-004,N0007,N0008,1.0,-11.656,5.925,2.4539,-0.203144,1.0,1.0,follow,forward
146,WP_E_C-004_F_000006,E_C-004_F,C-004,N0007,N0008,1.2,-11.81,6.052,2.3561,-0.244775,1.0,1.0,follow,forward
147,WP_E_C-004_F_000007,E_C-004_F,C-004,N0007,N0008,1.4,-11.952,6.193,2.2406,-0.289421,1.0,1.0,follow,forward
148,WP_E_C-004_F_000008,E_C-004_F,C-004,N0007,N0008,1.6,-12.076,6.35,2.11,-0.327375,1.0,1.0,follow,forward
149,WP_E_C-004_F_000009,E_C-004_F,C-004,N0007,N0008,1.799,-12.178,6.521,1.9727,-0.344314,1.0,1.0,follow,forward
150,WP_E_C-004_F_000010,E_C-004_F,C-004,N0007,N0008,1.999,-12.256,6.705,1.8418,-0.328221,1.0,1.0,follow,forward
151,WP_E_C-004_F_000011,E_C-004_F,C-004,N0007,N0008,2.199,-12.31,6.898,1.7311,-0.277401,1.0,1.0,follow,forward
152,WP_E_C-004_F_000012,E_C-004_F,C-004,N0007,N0008,2.399,-12.342,7.095,1.6502,-0.202316,1.0,1.0,follow,forward
153,WP_E_C-004_F_000013,E_C-004_F,C-004,N0007,N0008,2.599,-12.358,7.295,1.6049,-0.113391,1.0,1.0,follow,forward
154,WP_E_C-004_F_000014,E_C-004_F,C-004,N0007,N0008,2.799,-12.365,7.494,1.5992,-0.01434,1.0,1.0,follow,forward
155,WP_E_C-004_F_000015,E_C-004_F,C-004,N0007,N0008,2.999,-12.37,7.694,1.6386,0.098583,1.0,1.0,follow,forward
156,WP_E_C-004_F_000016,E_C-004_F,C-004,N0007,N0008,3.199,-12.384,7.894,1.731,0.231346,1.0,1.0,follow,forward
157,WP_E_C-004_F_000017,E_C-004_F,C-004,N0007,N0008,3.399,-12.416,8.091,1.8815,0.377839,1.0,1.0,follow,forward
158,WP_E_C-004_F_000018,E_C-004_F,C-004,N0007,N0008,3.598,-12.477,8.281,2.0788,0.496585,1.0,1.0,follow,forward
159,WP_E_C-004_F_000019,E_C-004_F,C-004,N0007,N0008,3.798,-12.574,8.456,2.2871,0.524907,1.0,1.0,follow,forward
160,WP_E_C-004_F_000020,E_C-004_F,C-004,N0007,N0008,3.998,-12.705,8.606,2.4689,0.457047,1.0,1.0,follow,forward
161,WP_E_C-004_F_000021,E_C-004_F,C-004,N0007,N0008,4.197,-12.861,8.731,2.5999,0.350632,1.0,1.0,follow,forward
162,WP_E_C-004_F_000022,E_C-004_F,C-004,N0007,N0008,4.372,-13.011,8.821,2.5999,0.350632,1.0,1.0,follow,forward
163,WP_E_C-006_F_000000,E_C-006_F,C-006,N0009,N0010,0.0,-14.282,9.597,2.7013,0.074395,1.0,1.0,follow,forward
164,WP_E_C-006_F_000001,E_C-006_F,C-006,N0009,N0010,0.2,-14.463,9.683,2.731,0.074395,1.0,1.0,follow,forward
165,WP_E_C-006_F_000002,E_C-006_F,C-006,N0009,N0010,0.4,-14.646,9.762,2.7625,0.07876,1.0,1.0,follow,forward
166,WP_E_C-006_F_000003,E_C-006_F,C-006,N0009,N0010,0.6,-14.832,9.836,2.796,0.083788,1.0,1.0,follow,forward
167,WP_E_C-006_F_000004,E_C-006_F,C-006,N0009,N0010,0.8,-15.02,9.904,2.832,0.090019,1.0,1.0,follow,forward
168,WP_E_C-006_F_000005,E_C-006_F,C-006,N0009,N0010,1.0,-15.211,9.965,2.871,0.09745,1.0,1.0,follow,forward
169,WP_E_C-006_F_000006,E_C-006_F,C-006,N0009,N0010,1.2,-15.403,10.019,2.9137,0.106797,1.0,1.0,follow,forward
170,WP_E_C-006_F_000007,E_C-006_F,C-006,N0009,N0010,1.4,-15.598,10.064,2.961,0.118289,1.0,1.0,follow,forward
171,WP_E_C-006_F_000008,E_C-006_F,C-006,N0009,N0010,1.6,-15.795,10.1,3.0142,0.132926,1.0,1.0,follow,forward
172,WP_E_C-006_F_000009,E_C-006_F,C-006,N0009,N0010,1.8,-15.993,10.125,3.0748,0.151655,1.0,1.0,follow,forward
173,WP_E_C-006_F_000010,E_C-006_F,C-006,N0009,N0010,2.0,-16.193,10.138,-3.138,0.176093,1.0,1.0,follow,forward
174,WP_E_C-006_F_000011,E_C-006_F,C-006,N0009,N0010,2.2,-16.393,10.138,-3.0549,0.208142,1.0,1.0,follow,forward
175,WP_E_C-006_F_000012,E_C-006_F,C-006,N0009,N0010,2.4,-16.592,10.12,-2.9548,0.25069,1.0,1.0,follow,forward
176,WP_E_C-006_F_000013,E_C-006_F,C-006,N0009,N0010,2.599,-16.788,10.083,-2.8326,0.306382,1.0,1.0,follow,forward
177,WP_E_C-006_F_000014,E_C-006_F,C-006,N0009,N0010,2.799,-16.978,10.023,-2.6829,0.37576,1.0,1.0,follow,forward
178,WP_E_C-006_F_000015,E_C-006_F,C-006,N0009,N0010,2.999,-17.158,9.934,-2.5029,0.452725,1.0,1.0,follow,forward
179,WP_E_C-006_F_000016,E_C-006_F,C-006,N0009,N0010,3.198,-17.318,9.815,-2.2978,0.516709,1.0,1.0,follow,forward
180,WP_E_C-006_F_000017,E_C-006_F,C-006,N0009,N0010,3.398,-17.45,9.666,-2.0843,0.538268,1.0,1.0,follow,forward
181,WP_E_C-006_F_000018,E_C-006_F,C-006,N0009,N0010,3.597,-17.548,9.492,-1.8841,0.504344,1.0,1.0,follow,forward
182,WP_E_C-006_F_000019,E_C-006_F,C-006,N0009,N0010,3.797,-17.61,9.303,-1.7119,0.432716,1.0,1.0,follow,forward
183,WP_E_C-006_F_000020,E_C-006_F,C-006,N0009,N0010,3.997,-17.638,9.105,-1.5714,0.352709,1.0,1.0,follow,forward
184,WP_E_C-006_F_000021,E_C-006_F,C-006,N0009,N0010,4.197,-17.638,8.905,-1.4585,0.282763,1.0,1.0,follow,forward
185,WP_E_C-006_F_000022,E_C-006_F,C-006,N0009,N0010,4.396,-17.616,8.706,-1.4229,0.161999,1.0,1.0,follow,forward
186,WP_E_C-006_F_000023,E_C-006_F,C-006,N0009,N0010,4.416,-17.613,8.687,-1.4229,0.161999,1.0,1.0,follow,forward
187,WP_E_L-004_F_000000,E_L-004_F,L-004,N0010,N0014,0.0,-17.613,8.687,-1.2631,-0.0,1.0,1.0,follow,forward
188,WP_E_L-004_F_000001,E_L-004_F,L-004,N0010,N0014,0.2,-17.552,8.496,-1.2631,-0.0,1.0,1.0,follow,forward
189,WP_E_L-004_F_000002,E_L-004_F,L-004,N0010,N0014,0.4,-17.491,8.305,-1.2631,0.0,1.0,1.0,follow,forward
190,WP_E_L-004_F_000003,E_L-004_F,L-004,N0010,N0014,0.6,-17.431,8.115,-1.2631,0.0,1.0,1.0,follow,forward
191,WP_E_L-004_F_000004,E_L-004_F,L-004,N0010,N0014,0.8,-17.37,7.924,-1.2631,-0.0,1.0,1.0,follow,forward
192,WP_E_L-004_F_000005,E_L-004_F,L-004,N0010,N0014,1.0,-17.31,7.734,-1.2631,0.0,1.0,1.0,follow,forward
193,WP_E_L-004_F_000006,E_L-004_F,L-004,N0010,N0014,1.2,-17.249,7.543,-1.2631,0.0,1.0,1.0,follow,forward
194,WP_E_L-004_F_000007,E_L-004_F,L-004,N0010,N0014,1.4,-17.189,7.352,-1.2631,-0.0,1.0,1.0,follow,forward
195,WP_E_L-004_F_000008,E_L-004_F,L-004,N0010,N0014,1.6,-17.128,7.162,-1.2631,0.0,1.0,1.0,follow,forward
196,WP_E_L-004_F_000009,E_L-004_F,L-004,N0010,N0014,1.8,-17.067,6.971,-1.2631,0.0,1.0,1.0,follow,forward
197,WP_E_L-004_F_000010,E_L-004_F,L-004,N0010,N0014,2.0,-17.007,6.781,-1.2631,-0.0,1.0,1.0,follow,forward
198,WP_E_L-004_F_000011,E_L-004_F,L-004,N0010,N0014,2.2,-16.946,6.59,-1.2631,0.0,1.0,1.0,follow,forward
199,WP_E_L-004_F_000012,E_L-004_F,L-004,N0010,N0014,2.4,-16.886,6.399,-1.2631,-0.0,1.0,1.0,follow,forward
200,WP_E_L-004_F_000013,E_L-004_F,L-004,N0010,N0014,2.6,-16.825,6.209,-1.2631,-0.0,1.0,1.0,follow,forward
201,WP_E_L-004_F_000014,E_L-004_F,L-004,N0010,N0014,2.8,-16.765,6.018,-1.2631,0.0,1.0,1.0,follow,forward
202,WP_E_L-004_F_000015,E_L-004_F,L-004,N0010,N0014,3.0,-16.704,5.827,-1.2631,-0.0,1.0,1.0,follow,forward
203,WP_E_L-004_F_000016,E_L-004_F,L-004,N0010,N0014,3.2,-16.644,5.637,-1.2631,-0.0,1.0,1.0,follow,forward
204,WP_E_L-004_F_000017,E_L-004_F,L-004,N0010,N0014,3.4,-16.583,5.446,-1.2631,0.0,1.0,1.0,follow,forward
205,WP_E_L-004_F_000018,E_L-004_F,L-004,N0010,N0014,3.6,-16.522,5.256,-1.2631,-0.0,1.0,1.0,follow,forward
206,WP_E_L-004_F_000019,E_L-004_F,L-004,N0010,N0014,3.8,-16.462,5.065,-1.2631,-0.0,1.0,1.0,follow,forward
207,WP_E_L-004_F_000020,E_L-004_F,L-004,N0010,N0014,4.0,-16.401,4.874,-1.2631,0.0,1.0,1.0,follow,forward
208,WP_E_L-004_F_000021,E_L-004_F,L-004,N0010,N0014,4.2,-16.341,4.684,-1.2631,0.0,1.0,1.0,follow,forward
209,WP_E_L-004_F_000022,E_L-004_F,L-004,N0010,N0014,4.4,-16.28,4.493,-1.2631,-0.0,1.0,1.0,follow,forward
210,WP_E_L-004_F_000023,E_L-004_F,L-004,N0010,N0014,4.6,-16.22,4.303,-1.2631,0.0,1.0,1.0,follow,forward
211,WP_E_L-004_F_000024,E_L-004_F,L-004,N0010,N0014,4.784,-16.164,4.127,-1.2631,0.0,1.0,1.0,follow,forward
212,WP_E_L-009_F_000000,E_L-009_F,L-009,N0014,N0011,0.0,-16.164,4.127,-1.2631,-0.0,1.0,1.0,follow,forward
213,WP_E_L-009_F_000001,E_L-009_F,L-009,N0014,N0011,0.2,-16.103,3.937,-1.2631,-0.0,1.0,1.0,follow,forward
214,WP_E_L-009_F_000002,E_L-009_F,L-009,N0014,N0011,0.4,-16.043,3.746,-1.2631,0.0,1.0,1.0,follow,forward
215,WP_E_L-009_F_000003,E_L-009_F,L-009,N0014,N0011,0.6,-15.982,3.556,-1.2631,0.0,1.0,1.0,follow,forward
216,WP_E_L-009_F_000004,E_L-009_F,L-009,N0014,N0011,0.8,-15.922,3.365,-1.2631,-0.0,1.0,1.0,follow,forward
217,WP_E_L-009_F_000005,E_L-009_F,L-009,N0014,N0011,1.0,-15.861,3.174,-1.2631,0.0,1.0,1.0,follow,forward
218,WP_E_L-009_F_000006,E_L-009_F,L-009,N0014,N0011,1.2,-15.8,2.984,-1.2631,0.0,1.0,1.0,follow,forward
219,WP_E_L-009_F_000007,E_L-009_F,L-009,N0014,N0011,1.4,-15.74,2.793,-1.2631,0.0,1.0,1.0,follow,forward
220,WP_E_L-009_F_000008,E_L-009_F,L-009,N0014,N0011,1.6,-15.679,2.603,-1.2631,-0.0,1.0,1.0,follow,forward
221,WP_E_L-009_F_000009,E_L-009_F,L-009,N0014,N0011,1.8,-15.619,2.412,-1.2631,0.0,1.0,1.0,follow,forward
222,WP_E_L-009_F_000010,E_L-009_F,L-009,N0014,N0011,2.0,-15.558,2.221,-1.2631,0.0,1.0,1.0,follow,forward
223,WP_E_L-009_F_000011,E_L-009_F,L-009,N0014,N0011,2.2,-15.498,2.031,-1.2631,-0.0,1.0,1.0,follow,forward
224,WP_E_L-009_F_000012,E_L-009_F,L-009,N0014,N0011,2.4,-15.437,1.84,-1.2631,-0.0,1.0,1.0,follow,forward
225,WP_E_L-009_F_000013,E_L-009_F,L-009,N0014,N0011,2.6,-15.376,1.65,-1.2631,0.0,1.0,1.0,follow,forward
226,WP_E_L-009_F_000014,E_L-009_F,L-009,N0014,N0011,2.8,-15.316,1.459,-1.2631,0.0,1.0,1.0,follow,forward
227,WP_E_L-009_F_000015,E_L-009_F,L-009,N0014,N0011,3.0,-15.255,1.268,-1.2631,-0.0,1.0,1.0,follow,forward
228,WP_E_L-009_F_000016,E_L-009_F,L-009,N0014,N0011,3.2,-15.195,1.078,-1.2631,0.0,1.0,1.0,follow,forward
229,WP_E_L-009_F_000017,E_L-009_F,L-009,N0014,N0011,3.4,-15.134,0.887,-1.2631,-0.0,1.0,1.0,follow,forward
230,WP_E_L-009_F_000018,E_L-009_F,L-009,N0014,N0011,3.6,-15.074,0.697,-1.2631,0.0,1.0,1.0,follow,forward
231,WP_E_L-009_F_000019,E_L-009_F,L-009,N0014,N0011,3.8,-15.013,0.506,-1.2631,0.0,1.0,1.0,follow,forward
232,WP_E_L-009_F_000020,E_L-009_F,L-009,N0014,N0011,4.0,-14.952,0.315,-1.2631,-0.0,1.0,1.0,follow,forward
233,WP_E_L-009_F_000021,E_L-009_F,L-009,N0014,N0011,4.2,-14.892,0.125,-1.2631,0.0,1.0,1.0,follow,forward
234,WP_E_L-009_F_000022,E_L-009_F,L-009,N0014,N0011,4.4,-14.831,-0.066,-1.2631,0.0,1.0,1.0,follow,forward
235,WP_E_L-009_F_000023,E_L-009_F,L-009,N0014,N0011,4.6,-14.771,-0.257,-1.2631,-0.0,1.0,1.0,follow,forward
236,WP_E_L-009_F_000024,E_L-009_F,L-009,N0014,N0011,4.8,-14.71,-0.447,-1.2631,0.0,1.0,1.0,follow,forward
237,WP_E_L-009_F_000025,E_L-009_F,L-009,N0014,N0011,4.929,-14.671,-0.57,-1.2631,0.0,1.0,1.0,follow,forward
238,WP_E_L-005_F_000000,E_L-005_F,L-005,N0011,N0013,0.0,-14.671,-0.57,0.1333,-0.0,1.0,1.0,follow,forward
239,WP_E_L-005_F_000001,E_L-005_F,L-005,N0011,N0013,0.2,-14.473,-0.543,0.1333,-0.0,1.0,1.0,follow,forward
240,WP_E_L-005_F_000002,E_L-005_F,L-005,N0011,N0013,0.4,-14.275,-0.517,0.1333,0.0,1.0,1.0,follow,forward
241,WP_E_L-005_F_000003,E_L-005_F,L-005,N0011,N0013,0.6,-14.076,-0.49,0.1333,-0.0,1.0,1.0,follow,forward
242,WP_E_L-005_F_000004,E_L-005_F,L-005,N0011,N0013,0.8,-13.878,-0.464,0.1333,0.0,1.0,1.0,follow,forward
243,WP_E_L-005_F_000005,E_L-005_F,L-005,N0011,N0013,1.0,-13.68,-0.437,0.1333,-0.0,1.0,1.0,follow,forward
244,WP_E_L-005_F_000006,E_L-005_F,L-005,N0011,N0013,1.2,-13.482,-0.41,0.1333,0.0,1.0,1.0,follow,forward
245,WP_E_L-005_F_000007,E_L-005_F,L-005,N0011,N0013,1.4,-13.284,-0.384,0.1333,0.0,1.0,1.0,follow,forward
246,WP_E_L-005_F_000008,E_L-005_F,L-005,N0011,N0013,1.6,-13.085,-0.357,0.1333,-0.0,1.0,1.0,follow,forward
247,WP_E_L-005_F_000009,E_L-005_F,L-005,N0011,N0013,1.8,-12.887,-0.331,0.1333,0.0,1.0,1.0,follow,forward
248,WP_E_L-005_F_000010,E_L-005_F,L-005,N0011,N0013,2.0,-12.689,-0.304,0.1333,-0.0,1.0,1.0,follow,forward
249,WP_E_L-005_F_000011,E_L-005_F,L-005,N0011,N0013,2.2,-12.491,-0.277,0.1333,0.0,1.0,1.0,follow,forward
250,WP_E_L-005_F_000012,E_L-005_F,L-005,N0011,N0013,2.4,-12.292,-0.251,0.1333,-0.0,1.0,1.0,follow,forward
251,WP_E_L-005_F_000013,E_L-005_F,L-005,N0011,N0013,2.6,-12.094,-0.224,0.1333,-0.0,1.0,1.0,follow,forward
252,WP_E_L-005_F_000014,E_L-005_F,L-005,N0011,N0013,2.8,-11.896,-0.198,0.1333,0.0,1.0,1.0,follow,forward
253,WP_E_L-005_F_000015,E_L-005_F,L-005,N0011,N0013,3.0,-11.698,-0.171,0.1333,-0.0,1.0,1.0,follow,forward
254,WP_E_L-005_F_000016,E_L-005_F,L-005,N0011,N0013,3.2,-11.5,-0.144,0.1333,-0.0,1.0,1.0,follow,forward
255,WP_E_L-005_F_000017,E_L-005_F,L-005,N0011,N0013,3.4,-11.301,-0.118,0.1333,0.0,1.0,1.0,follow,forward
256,WP_E_L-005_F_000018,E_L-005_F,L-005,N0011,N0013,3.6,-11.103,-0.091,0.1333,0.0,1.0,1.0,follow,forward
257,WP_E_L-005_F_000019,E_L-005_F,L-005,N0011,N0013,3.8,-10.905,-0.065,0.1333,-0.0,1.0,1.0,follow,forward
258,WP_E_L-005_F_000020,E_L-005_F,L-005,N0011,N0013,4.0,-10.707,-0.038,0.1333,-0.0,1.0,1.0,follow,forward
259,WP_E_L-005_F_000021,E_L-005_F,L-005,N0011,N0013,4.2,-10.508,-0.012,0.1333,0.0,1.0,1.0,follow,forward
260,WP_E_L-005_F_000022,E_L-005_F,L-005,N0011,N0013,4.4,-10.31,0.015,0.1333,-0.0,1.0,1.0,follow,forward
261,WP_E_L-005_F_000023,E_L-005_F,L-005,N0011,N0013,4.6,-10.112,0.042,0.1333,0.0,1.0,1.0,follow,forward
262,WP_E_L-005_F_000024,E_L-005_F,L-005,N0011,N0013,4.8,-9.914,0.068,0.1333,0.0,1.0,1.0,follow,forward
263,WP_E_L-005_F_000025,E_L-005_F,L-005,N0011,N0013,5.0,-9.716,0.095,0.1333,-0.0,1.0,1.0,follow,forward
264,WP_E_L-005_F_000026,E_L-005_F,L-005,N0011,N0013,5.2,-9.517,0.121,0.1333,0.0,1.0,1.0,follow,forward
265,WP_E_L-005_F_000027,E_L-005_F,L-005,N0011,N0013,5.4,-9.319,0.148,0.1333,0.0,1.0,1.0,follow,forward
266,WP_E_L-005_F_000028,E_L-005_F,L-005,N0011,N0013,5.6,-9.121,0.175,0.1333,0.0,1.0,1.0,follow,forward
267,WP_E_L-005_F_000029,E_L-005_F,L-005,N0011,N0013,5.8,-8.923,0.201,0.1333,-0.0,1.0,1.0,follow,forward
268,WP_E_L-005_F_000030,E_L-005_F,L-005,N0011,N0013,6.0,-8.724,0.228,0.1333,-0.0,1.0,1.0,follow,forward
269,WP_E_L-005_F_000031,E_L-005_F,L-005,N0011,N0013,6.2,-8.526,0.254,0.1333,0.0,1.0,1.0,follow,forward
270,WP_E_L-005_F_000032,E_L-005_F,L-005,N0011,N0013,6.4,-8.328,0.281,0.1333,-0.0,1.0,1.0,follow,forward
271,WP_E_L-005_F_000033,E_L-005_F,L-005,N0011,N0013,6.6,-8.13,0.308,0.1333,0.0,1.0,1.0,follow,forward
272,WP_E_L-005_F_000034,E_L-005_F,L-005,N0011,N0013,6.8,-7.931,0.334,0.1333,-0.0,1.0,1.0,follow,forward
273,WP_E_L-005_F_000035,E_L-005_F,L-005,N0011,N0013,7.0,-7.733,0.361,0.1333,0.0,1.0,1.0,follow,forward
274,WP_E_L-005_F_000036,E_L-005_F,L-005,N0011,N0013,7.2,-7.535,0.387,0.1333,0.0,1.0,1.0,follow,forward
275,WP_E_L-005_F_000037,E_L-005_F,L-005,N0011,N0013,7.4,-7.337,0.414,0.1333,-0.0,1.0,1.0,follow,forward
276,WP_E_L-005_F_000038,E_L-005_F,L-005,N0011,N0013,7.6,-7.139,0.441,0.1333,0.0,1.0,1.0,follow,forward
277,WP_E_L-005_F_000039,E_L-005_F,L-005,N0011,N0013,7.664,-7.075,0.449,0.1333,0.0,1.0,1.0,follow,forward
278,WP_E_L-007_F_000000,E_L-007_F,L-007,N0013,N0001,0.0,-7.075,0.449,0.1333,0.0,1.0,1.0,follow,forward
279,WP_E_L-007_F_000001,E_L-007_F,L-007,N0013,N0001,0.2,-6.877,0.476,0.1333,0.0,1.0,1.0,follow,forward
280,WP_E_L-007_F_000002,E_L-007_F,L-007,N0013,N0001,0.4,-6.678,0.502,0.1333,-0.0,1.0,1.0,follow,forward
281,WP_E_L-007_F_000003,E_L-007_F,L-007,N0013,N0001,0.6,-6.48,0.529,0.1333,0.0,1.0,1.0,follow,forward
282,WP_E_L-007_F_000004,E_L-007_F,L-007,N0013,N0001,0.8,-6.282,0.555,0.1333,0.0,1.0,1.0,follow,forward
283,WP_E_L-007_F_000005,E_L-007_F,L-007,N0013,N0001,1.0,-6.084,0.582,0.1333,-0.0,1.0,1.0,follow,forward
284,WP_E_L-007_F_000006,E_L-007_F,L-007,N0013,N0001,1.2,-5.886,0.609,0.1333,0.0,1.0,1.0,follow,forward
285,WP_E_L-007_F_000007,E_L-007_F,L-007,N0013,N0001,1.4,-5.687,0.635,0.1333,0.0,1.0,1.0,follow,forward
286,WP_E_L-007_F_000008,E_L-007_F,L-007,N0013,N0001,1.6,-5.489,0.662,0.1333,-0.0,1.0,1.0,follow,forward
287,WP_E_L-007_F_000009,E_L-007_F,L-007,N0013,N0001,1.8,-5.291,0.688,0.1333,-0.0,1.0,1.0,follow,forward
288,WP_E_L-007_F_000010,E_L-007_F,L-007,N0013,N0001,2.0,-5.093,0.715,0.1333,0.0,1.0,1.0,follow,forward
289,WP_E_L-007_F_000011,E_L-007_F,L-007,N0013,N0001,2.2,-4.894,0.742,0.1333,-0.0,1.0,1.0,follow,forward
290,WP_E_L-007_F_000012,E_L-007_F,L-007,N0013,N0001,2.4,-4.696,0.768,0.1333,-0.0,1.0,1.0,follow,forward
291,WP_E_L-007_F_000013,E_L-007_F,L-007,N0013,N0001,2.6,-4.498,0.795,0.1333,0.0,1.0,1.0,follow,forward
292,WP_E_L-007_F_000014,E_L-007_F,L-007,N0013,N0001,2.8,-4.3,0.821,0.1333,0.0,1.0,1.0,follow,forward
293,WP_E_L-007_F_000015,E_L-007_F,L-007,N0013,N0001,3.0,-4.102,0.848,0.1333,-0.0,1.0,1.0,follow,forward
294,WP_E_L-007_F_000016,E_L-007_F,L-007,N0013,N0001,3.2,-3.903,0.875,0.1333,0.0,1.0,1.0,follow,forward
295,WP_E_L-007_F_000017,E_L-007_F,L-007,N0013,N0001,3.4,-3.705,0.901,0.1333,0.0,1.0,1.0,follow,forward
296,WP_E_L-007_F_000018,E_L-007_F,L-007,N0013,N0001,3.6,-3.507,0.928,0.1333,0.0,1.0,1.0,follow,forward
297,WP_E_L-007_F_000019,E_L-007_F,L-007,N0013,N0001,3.8,-3.309,0.954,0.1333,0.0,1.0,1.0,follow,forward
298,WP_E_L-007_F_000020,E_L-007_F,L-007,N0013,N0001,4.0,-3.11,0.981,0.1333,-0.0,1.0,1.0,follow,forward
299,WP_E_L-007_F_000021,E_L-007_F,L-007,N0013,N0001,4.2,-2.912,1.007,0.1333,0.0,1.0,1.0,follow,forward
300,WP_E_L-007_F_000022,E_L-007_F,L-007,N0013,N0001,4.4,-2.714,1.034,0.1333,0.0,1.0,1.0,follow,forward
301,WP_E_L-007_F_000023,E_L-007_F,L-007,N0013,N0001,4.6,-2.516,1.061,0.1333,0.0,1.0,1.0,follow,forward
302,WP_E_L-007_F_000024,E_L-007_F,L-007,N0013,N0001,4.8,-2.318,1.087,0.1333,0.0,1.0,1.0,follow,forward
303,WP_E_L-007_F_000025,E_L-007_F,L-007,N0013,N0001,5.0,-2.119,1.114,0.1333,-0.0,1.0,1.0,follow,forward
304,WP_E_L-007_F_000026,E_L-007_F,L-007,N0013,N0001,5.2,-1.921,1.14,0.1333,0.0,1.0,1.0,follow,forward
305,WP_E_L-007_F_000027,E_L-007_F,L-007,N0013,N0001,5.4,-1.723,1.167,0.1333,-0.0,1.0,1.0,follow,forward
306,WP_E_L-007_F_000028,E_L-007_F,L-007,N0013,N0001,5.6,-1.525,1.194,0.1333,0.0,1.0,1.0,follow,forward
307,WP_E_L-007_F_000029,E_L-007_F,L-007,N0013,N0001,5.8,-1.326,1.22,0.1333,0.0,1.0,1.0,follow,forward
308,WP_E_L-007_F_000030,E_L-007_F,L-007,N0013,N0001,6.0,-1.128,1.247,0.1333,-0.0,1.0,1.0,follow,forward
309,WP_E_L-007_F_000031,E_L-007_F,L-007,N0013,N0001,6.2,-0.93,1.273,0.1333,0.0,1.0,1.0,follow,forward
310,WP_E_L-007_F_000032,E_L-007_F,L-007,N0013,N0001,6.4,-0.732,1.3,0.1333,0.0,1.0,1.0,follow,forward
311,WP_E_L-007_F_000033,E_L-007_F,L-007,N0013,N0001,6.6,-0.533,1.327,0.1333,-0.0,1.0,1.0,follow,forward
312,WP_E_L-007_F_000034,E_L-007_F,L-007,N0013,N0001,6.8,-0.335,1.353,0.1333,0.0,1.0,1.0,follow,forward
313,WP_E_L-007_F_000035,E_L-007_F,L-007,N0013,N0001,7.0,-0.137,1.38,0.1333,0.0,1.0,1.0,follow,forward
314,WP_E_L-007_F_000036,E_L-007_F,L-007,N0013,N0001,7.2,0.061,1.406,0.1333,-0.0,1.0,1.0,follow,forward
315,WP_E_L-007_F_000037,E_L-007_F,L-007,N0013,N0001,7.4,0.259,1.433,0.1333,0.0,1.0,1.0,follow,forward
316,WP_E_L-007_F_000038,E_L-007_F,L-007,N0013,N0001,7.6,0.458,1.46,0.1333,0.0,1.0,1.0,follow,forward
317,WP_E_L-007_F_000039,E_L-007_F,L-007,N0013,N0001,7.698,0.554,1.473,0.1333,0.0,1.0,1.0,follow,forward
318,WP_E_L-008_F_000000,E_L-008_F,L-008,N0012,N0015,0.0,-6.982,5.243,-1.5902,0.0,1.0,1.0,follow,forward
319,WP_E_L-008_F_000001,E_L-008_F,L-008,N0012,N0015,0.2,-6.986,5.043,-1.5902,0.0,1.0,1.0,follow,forward
320,WP_E_L-008_F_000002,E_L-008_F,L-008,N0012,N0015,0.4,-6.99,4.843,-1.5902,0.0,1.0,1.0,follow,forward
321,WP_E_L-008_F_000003,E_L-008_F,L-008,N0012,N0015,0.6,-6.994,4.643,-1.5902,-0.0,1.0,1.0,follow,forward
322,WP_E_L-008_F_000004,E_L-008_F,L-008,N0012,N0015,0.8,-6.997,4.443,-1.5902,0.0,1.0,1.0,follow,forward
323,WP_E_L-008_F_000005,E_L-008_F,L-008,N0012,N0015,1.0,-7.001,4.243,-1.5902,0.0,1.0,1.0,follow,forward
324,WP_E_L-008_F_000006,E_L-008_F,L-008,N0012,N0015,1.2,-7.005,4.043,-1.5902,0.0,1.0,1.0,follow,forward
325,WP_E_L-008_F_000007,E_L-008_F,L-008,N0012,N0015,1.4,-7.009,3.843,-1.5902,0.0,1.0,1.0,follow,forward
326,WP_E_L-008_F_000008,E_L-008_F,L-008,N0012,N0015,1.6,-7.013,3.643,-1.5902,0.0,1.0,1.0,follow,forward
327,WP_E_L-008_F_000009,E_L-008_F,L-008,N0012,N0015,1.8,-7.017,3.443,-1.5902,0.0,1.0,1.0,follow,forward
328,WP_E_L-008_F_000010,E_L-008_F,L-008,N0012,N0015,2.0,-7.021,3.243,-1.5902,0.0,1.0,1.0,follow,forward
329,WP_E_L-008_F_000011,E_L-008_F,L-008,N0012,N0015,2.094,-7.023,3.15,-1.5902,0.0,1.0,1.0,follow,forward
330,WP_E_L-008_R_000000,E_L-008_R,L-008,N0015,N0012,0.0,-7.023,3.15,1.5514,-0.0,1.0,1.0,follow,reverse
331,WP_E_L-008_R_000001,E_L-008_R,L-008,N0015,N0012,0.094,-7.021,3.243,1.5514,-0.0,1.0,1.0,follow,reverse
332,WP_E_L-008_R_000002,E_L-008_R,L-008,N0015,N0012,0.294,-7.017,3.443,1.5514,0.0,1.0,1.0,follow,reverse
333,WP_E_L-008_R_000003,E_L-008_R,L-008,N0015,N0012,0.494,-7.013,3.643,1.5514,0.0,1.0,1.0,follow,reverse
334,WP_E_L-008_R_000004,E_L-008_R,L-008,N0015,N0012,0.694,-7.009,3.843,1.5514,0.0,1.0,1.0,follow,reverse
335,WP_E_L-008_R_000005,E_L-008_R,L-008,N0015,N0012,0.894,-7.005,4.043,1.5514,0.0,1.0,1.0,follow,reverse
336,WP_E_L-008_R_000006,E_L-008_R,L-008,N0015,N0012,1.094,-7.001,4.243,1.5514,0.0,1.0,1.0,follow,reverse
337,WP_E_L-008_R_000007,E_L-008_R,L-008,N0015,N0012,1.294,-6.997,4.443,1.5514,0.0,1.0,1.0,follow,reverse
338,WP_E_L-008_R_000008,E_L-008_R,L-008,N0015,N0012,1.494,-6.994,4.643,1.5514,0.0,1.0,1.0,follow,reverse
339,WP_E_L-008_R_000009,E_L-008_R,L-008,N0015,N0012,1.694,-6.99,4.843,1.5514,0.0,1.0,1.0,follow,reverse
340,WP_E_L-008_R_000010,E_L-008_R,L-008,N0015,N0012,1.894,-6.986,5.043,1.5514,0.0,1.0,1.0,follow,reverse
341,WP_E_L-008_R_000011,E_L-008_R,L-008,N0015,N0012,2.094,-6.982,5.243,1.5514,0.0,1.0,1.0,follow,reverse
342,WP_E_L-010_F_000000,E_L-010_F,L-010,N0015,N0013,0.0,-7.023,3.15,-1.5902,0.0,1.0,1.0,follow,forward
343,WP_E_L-010_F_000001,E_L-010_F,L-010,N0015,N0013,0.2,-7.026,2.95,-1.5902,0.0,1.0,1.0,follow,forward
344,WP_E_L-010_F_000002,E_L-010_F,L-010,N0015,N0013,0.4,-7.03,2.75,-1.5902,0.0,1.0,1.0,follow,forward
345,WP_E_L-010_F_000003,E_L-010_F,L-010,N0015,N0013,0.6,-7.034,2.55,-1.5902,0.0,1.0,1.0,follow,forward
346,WP_E_L-010_F_000004,E_L-010_F,L-010,N0015,N0013,0.8,-7.038,2.35,-1.5902,0.0,1.0,1.0,follow,forward
347,WP_E_L-010_F_000005,E_L-010_F,L-010,N0015,N0013,1.0,-7.042,2.15,-1.5902,0.0,1.0,1.0,follow,forward
348,WP_E_L-010_F_000006,E_L-010_F,L-010,N0015,N0013,1.2,-7.046,1.95,-1.5902,0.0,1.0,1.0,follow,forward
349,WP_E_L-010_F_000007,E_L-010_F,L-010,N0015,N0013,1.4,-7.05,1.75,-1.5902,0.0,1.0,1.0,follow,forward
350,WP_E_L-010_F_000008,E_L-010_F,L-010,N0015,N0013,1.6,-7.054,1.55,-1.5902,0.0,1.0,1.0,follow,forward
351,WP_E_L-010_F_000009,E_L-010_F,L-010,N0015,N0013,1.8,-7.057,1.35,-1.5902,0.0,1.0,1.0,follow,forward
352,WP_E_L-010_F_000010,E_L-010_F,L-010,N0015,N0013,2.0,-7.061,1.15,-1.5902,0.0,1.0,1.0,follow,forward
353,WP_E_L-010_F_000011,E_L-010_F,L-010,N0015,N0013,2.2,-7.065,0.95,-1.5902,0.0,1.0,1.0,follow,forward
354,WP_E_L-010_F_000012,E_L-010_F,L-010,N0015,N0013,2.4,-7.069,0.75,-1.5902,0.0,1.0,1.0,follow,forward
355,WP_E_L-010_F_000013,E_L-010_F,L-010,N0015,N0013,2.6,-7.073,0.55,-1.5902,-0.0,1.0,1.0,follow,forward
356,WP_E_L-010_F_000014,E_L-010_F,L-010,N0015,N0013,2.701,-7.075,0.449,-1.5902,-0.0,1.0,1.0,follow,forward
357,WP_E_L-010_R_000000,E_L-010_R,L-010,N0013,N0015,0.0,-7.075,0.449,1.5514,0.0,1.0,1.0,follow,reverse
358,WP_E_L-010_R_000001,E_L-010_R,L-010,N0013,N0015,0.101,-7.073,0.55,1.5514,0.0,1.0,1.0,follow,reverse
359,WP_E_L-010_R_000002,E_L-010_R,L-010,N0013,N0015,0.301,-7.069,0.75,1.5514,0.0,1.0,1.0,follow,reverse
360,WP_E_L-010_R_000003,E_L-010_R,L-010,N0013,N0015,0.501,-7.065,0.95,1.5514,-0.0,1.0,1.0,follow,reverse
361,WP_E_L-010_R_000004,E_L-010_R,L-010,N0013,N0015,0.701,-7.061,1.15,1.5514,0.0,1.0,1.0,follow,reverse
362,WP_E_L-010_R_000005,E_L-010_R,L-010,N0013,N0015,0.901,-7.057,1.35,1.5514,0.0,1.0,1.0,follow,reverse
363,WP_E_L-010_R_000006,E_L-010_R,L-010,N0013,N0015,1.101,-7.054,1.55,1.5514,0.0,1.0,1.0,follow,reverse
364,WP_E_L-010_R_000007,E_L-010_R,L-010,N0013,N0015,1.301,-7.05,1.75,1.5514,0.0,1.0,1.0,follow,reverse
365,WP_E_L-010_R_000008,E_L-010_R,L-010,N0013,N0015,1.501,-7.046,1.95,1.5514,0.0,1.0,1.0,follow,reverse
366,WP_E_L-010_R_000009,E_L-010_R,L-010,N0013,N0015,1.701,-7.042,2.15,1.5514,0.0,1.0,1.0,follow,reverse
367,WP_E_L-010_R_000010,E_L-010_R,L-010,N0013,N0015,1.901,-7.038,2.35,1.5514,0.0,1.0,1.0,follow,reverse
368,WP_E_L-010_R_000011,E_L-010_R,L-010,N0013,N0015,2.101,-7.034,2.55,1.5514,0.0,1.0,1.0,follow,reverse
369,WP_E_L-010_R_000012,E_L-010_R,L-010,N0013,N0015,2.301,-7.03,2.75,1.5514,0.0,1.0,1.0,follow,reverse
370,WP_E_L-010_R_000013,E_L-010_R,L-010,N0013,N0015,2.501,-7.026,2.95,1.5514,0.0,1.0,1.0,follow,reverse
371,WP_E_L-010_R_000014,E_L-010_R,L-010,N0013,N0015,2.701,-7.023,3.15,1.5514,0.0,1.0,1.0,follow,reverse
372,WP_E_C-007_F_000000,E_C-007_F,C-007,N0014,N0015,0.0,-16.164,4.127,0.3341,-0.156764,1.0,1.0,follow,forward
373,WP_E_C-007_F_000001,E_C-007_F,C-007,N0014,N0015,0.2,-15.975,4.193,0.2714,-0.156764,1.0,1.0,follow,forward
374,WP_E_C-007_F_000002,E_C-007_F,C-007,N0014,N0015,0.4,-15.782,4.247,0.2111,-0.150815,1.0,1.0,follow,forward
375,WP_E_C-007_F_000003,E_C-007_F,C-007,N0014,N0015,0.6,-15.587,4.289,0.1539,-0.143154,1.0,1.0,follow,forward
376,WP_E_C-007_F_000004,E_C-007_F,C-007,N0014,N0015,0.8,-15.389,4.319,0.1002,-0.134261,1.0,1.0,follow,forward
377,WP_E_C-007_F_000005,E_C-007_F,C-007,N0014,N0015,1.0,-15.19,4.339,0.0504,-0.124605,1.0,1.0,follow,forward
378,WP_E_C-007_F_000006,E_C-007_F,C-007,N0014,N0015,1.2,-14.99,4.349,0.0046,-0.114603,1.0,1.0,follow,forward
379,WP_E_C-007_F_000007,E_C-007_F,C-007,N0014,N0015,1.4,-14.79,4.35,-0.0373,-0.104591,1.0,1.0,follow,forward
380,WP_E_C-007_F_000008,E_C-007_F,C-007,N0014,N0015,1.6,-14.591,4.343,-0.0752,-0.094911,1.0,1.0,follow,forward
381,WP_E_C-007_F_000009,E_C-007_F,C-007,N0014,N0015,1.8,-14.391,4.328,-0.1095,-0.085737,1.0,1.0,follow,forward
382,WP_E_C-007_F_000010,E_C-007_F,C-007,N0014,N0015,2.0,-14.192,4.306,-0.1402,-0.076695,1.0,1.0,follow,forward
383,WP_E_C-007_F_000011,E_C-007_F,C-007,N0014,N0015,2.2,-13.994,4.278,-0.1677,-0.068756,1.0,1.0,follow,forward
384,WP_E_C-007_F_000012,E_C-007_F,C-007,N0014,N0015,2.4,-13.797,4.245,-0.192,-0.060866,1.0,1.0,follow,forward
385,WP_E_C-007_F_000013,E_C-007_F,C-007,N0014,N0015,2.6,-13.601,4.206,-0.2136,-0.05405,1.0,1.0,follow,forward
386,WP_E_C-007_F_000014,E_C-007_F,C-007,N0014,N0015,2.8,-13.405,4.164,-0.2325,-0.047264,1.0,1.0,follow,forward
387,WP_E_C-007_F_000015,E_C-007_F,C-007,N0014,N0015,3.0,-13.211,4.118,-0.249,-0.04115,1.0,1.0,follow,forward
388,WP_E_C-007_F_000016,E_C-007_F,C-007,N0014,N0015,3.2,-13.017,4.069,-0.2632,-0.035436,1.0,1.0,follow,forward
389,WP_E_C-007_F_000017,E_C-007_F,C-007,N0014,N0015,3.4,-12.824,4.017,-0.2752,-0.030057,1.0,1.0,follow,forward
390,WP_E_C-007_F_000018,E_C-007_F,C-007,N0014,N0015,3.6,-12.631,3.962,-0.2852,-0.024967,1.0,1.0,follow,forward
391,WP_E_C-007_F_000019,E_C-007_F,C-007,N0014,N0015,3.8,-12.439,3.906,-0.2932,-0.02012,1.0,1.0,follow,forward
392,WP_E_C-007_F_000020,E_C-007_F,C-007,N0014,N0015,4.0,-12.248,3.848,-0.2994,-0.01547,1.0,1.0,follow,forward
393,WP_E_C-007_F_000021,E_C-007_F,C-007,N0014,N0015,4.2,-12.057,3.789,-0.3038,-0.010971,1.0,1.0,follow,forward
394,WP_E_C-007_F_000022,E_C-007_F,C-007,N0014,N0015,4.4,-11.866,3.729,-0.3064,-0.006579,1.0,1.0,follow,forward
395,WP_E_C-007_F_000023,E_C-007_F,C-007,N0014,N0015,4.6,-11.675,3.669,-0.3073,-0.002248,1.0,1.0,follow,forward
396,WP_E_C-007_F_000024,E_C-007_F,C-007,N0014,N0015,4.8,-11.485,3.608,-0.3065,0.002064,1.0,1.0,follow,forward
397,WP_E_C-007_F_000025,E_C-007_F,C-007,N0014,N0015,5.0,-11.294,3.548,-0.304,0.006402,1.0,1.0,follow,forward
398,WP_E_C-007_F_000026,E_C-007_F,C-007,N0014,N0015,5.2,-11.103,3.488,-0.2996,0.01081,1.0,1.0,follow,forward
399,WP_E_C-007_F_000027,E_C-007_F,C-007,N0014,N0015,5.4,-10.912,3.429,-0.2935,0.015333,1.0,1.0,follow,forward
400,WP_E_C-007_F_000028,E_C-007_F,C-007,N0014,N0015,5.6,-10.721,3.371,-0.2855,0.020017,1.0,1.0,follow,forward
401,WP_E_C-007_F_000029,E_C-007_F,C-007,N0014,N0015,5.8,-10.529,3.315,-0.2755,0.024908,1.0,1.0,follow,forward
402,WP_E_C-007_F_000030,E_C-007_F,C-007,N0014,N0015,6.0,-10.336,3.261,-0.2635,0.030053,1.0,1.0,follow,forward
403,WP_E_C-007_F_000031,E_C-007_F,C-007,N0014,N0015,6.2,-10.143,3.209,-0.2493,0.0355,1.0,1.0,follow,forward
404,WP_E_C-007_F_000032,E_C-007_F,C-007,N0014,N0015,6.4,-9.949,3.159,-0.2328,0.041317,1.0,1.0,follow,forward
405,WP_E_C-007_F_000033,E_C-007_F,C-007,N0014,N0015,6.6,-9.755,3.113,-0.2137,0.047726,1.0,1.0,follow,forward
406,WP_E_C-007_F_000034,E_C-007_F,C-007,N0014,N0015,6.8,-9.559,3.071,-0.192,0.054244,1.0,1.0,follow,forward
407,WP_E_C-007_F_000035,E_C-007_F,C-007,N0014,N0015,7.0,-9.363,3.032,-0.1673,0.061641,1.0,1.0,follow,forward
408,WP_E_C-007_F_000036,E_C-007_F,C-007,N0014,N0015,7.2,-9.166,2.999,-0.1396,0.069414,1.0,1.0,follow,forward
409,WP_E_C-007_F_000037,E_C-007_F,C-007,N0014,N0015,7.4,-8.968,2.971,-0.1084,0.077954,1.0,1.0,follow,forward
410,WP_E_C-007_F_000038,E_C-007_F,C-007,N0014,N0015,7.6,-8.769,2.95,-0.0737,0.086893,1.0,1.0,follow,forward
411,WP_E_C-007_F_000039,E_C-007_F,C-007,N0014,N0015,7.8,-8.57,2.935,-0.0351,0.09653,1.0,1.0,follow,forward
412,WP_E_C-007_F_000040,E_C-007_F,C-007,N0014,N0015,8.0,-8.37,2.928,0.0076,0.106644,1.0,1.0,follow,forward
413,WP_E_C-007_F_000041,E_C-007_F,C-007,N0014,N0015,8.2,-8.17,2.929,0.0544,0.117014,1.0,1.0,follow,forward
414,WP_E_C-007_F_000042,E_C-007_F,C-007,N0014,N0015,8.4,-7.97,2.94,0.1053,0.12737,1.0,1.0,follow,forward
415,WP_E_C-007_F_000043,E_C-007_F,C-007,N0014,N0015,8.6,-7.771,2.961,0.1602,0.137384,1.0,1.0,follow,forward
416,WP_E_C-007_F_000044,E_C-007_F,C-007,N0014,N0015,8.8,-7.574,2.993,0.2188,0.146559,1.0,1.0,follow,forward
417,WP_E_C-007_F_000045,E_C-007_F,C-007,N0014,N0015,9.0,-7.379,3.037,0.2805,0.154333,1.0,1.0,follow,forward
418,WP_E_C-007_F_000046,E_C-007_F,C-007,N0014,N0015,9.2,-7.186,3.092,0.3385,0.155146,1.0,1.0,follow,forward
419,WP_E_C-007_F_000047,E_C-007_F,C-007,N0014,N0015,9.373,-7.023,3.15,0.3385,0.155146,1.0,1.0,follow,forward
420,WP_E_C-007_R_000000,E_C-007_R,C-007,N0015,N0014,0.0,-7.023,3.15,-2.8031,-0.155146,1.0,1.0,follow,reverse
421,WP_E_C-007_R_000001,E_C-007_R,C-007,N0015,N0014,0.174,-7.186,3.092,-2.8611,-0.155146,1.0,1.0,follow,reverse
422,WP_E_C-007_R_000002,E_C-007_R,C-007,N0015,N0014,0.374,-7.379,3.037,-2.9228,-0.154333,1.0,1.0,follow,reverse
423,WP_E_C-007_R_000003,E_C-007_R,C-007,N0015,N0014,0.574,-7.574,2.993,-2.9814,-0.146559,1.0,1.0,follow,reverse
424,WP_E_C-007_R_000004,E_C-007_R,C-007,N0015,N0014,0.774,-7.771,2.961,-3.0363,-0.137384,1.0,1.0,follow,reverse
425,WP_E_C-007_R_000005,E_C-007_R,C-007,N0015,N0014,0.974,-7.97,2.94,-3.0872,-0.12737,1.0,1.0,follow,reverse
426,WP_E_C-007_R_000006,E_C-007_R,C-007,N0015,N0014,1.174,-8.17,2.929,-3.134,-0.117014,1.0,1.0,follow,reverse
427,WP_E_C-007_R_000007,E_C-007_R,C-007,N0015,N0014,1.374,-8.37,2.928,3.1065,-0.106644,1.0,1.0,follow,reverse
428,WP_E_C-007_R_000008,E_C-007_R,C-007,N0015,N0014,1.574,-8.57,2.935,3.0679,-0.09653,1.0,1.0,follow,reverse
429,WP_E_C-007_R_000009,E_C-007_R,C-007,N0015,N0014,1.774,-8.769,2.95,3.0332,-0.086893,1.0,1.0,follow,reverse
430,WP_E_C-007_R_000010,E_C-007_R,C-007,N0015,N0014,1.974,-8.968,2.971,3.002,-0.077954,1.0,1.0,follow,reverse
431,WP_E_C-007_R_000011,E_C-007_R,C-007,N0015,N0014,2.174,-9.166,2.999,2.9742,-0.069414,1.0,1.0,follow,reverse
432,WP_E_C-007_R_000012,E_C-007_R,C-007,N0015,N0014,2.373,-9.363,3.032,2.9496,-0.061641,1.0,1.0,follow,reverse
433,WP_E_C-007_R_000013,E_C-007_R,C-007,N0015,N0014,2.573,-9.559,3.071,2.9279,-0.054244,1.0,1.0,follow,reverse
434,WP_E_C-007_R_000014,E_C-007_R,C-007,N0015,N0014,2.773,-9.755,3.113,2.9088,-0.047726,1.0,1.0,follow,reverse
435,WP_E_C-007_R_000015,E_C-007_R,C-007,N0015,N0014,2.973,-9.949,3.159,2.8923,-0.041317,1.0,1.0,follow,reverse
436,WP_E_C-007_R_000016,E_C-007_R,C-007,N0015,N0014,3.173,-10.143,3.209,2.8781,-0.0355,1.0,1.0,follow,reverse
437,WP_E_C-007_R_000017,E_C-007_R,C-007,N0015,N0014,3.373,-10.336,3.261,2.8661,-0.030053,1.0,1.0,follow,reverse
438,WP_E_C-007_R_000018,E_C-007_R,C-007,N0015,N0014,3.573,-10.529,3.315,2.8561,-0.024908,1.0,1.0,follow,reverse
439,WP_E_C-007_R_000019,E_C-007_R,C-007,N0015,N0014,3.773,-10.721,3.371,2.8481,-0.020017,1.0,1.0,follow,reverse
440,WP_E_C-007_R_000020,E_C-007_R,C-007,N0015,N0014,3.973,-10.912,3.429,2.842,-0.015333,1.0,1.0,follow,reverse
441,WP_E_C-007_R_000021,E_C-007_R,C-007,N0015,N0014,4.173,-11.103,3.488,2.8376,-0.01081,1.0,1.0,follow,reverse
442,WP_E_C-007_R_000022,E_C-007_R,C-007,N0015,N0014,4.373,-11.294,3.548,2.8351,-0.006402,1.0,1.0,follow,reverse
443,WP_E_C-007_R_000023,E_C-007_R,C-007,N0015,N0014,4.573,-11.485,3.608,2.8342,-0.002064,1.0,1.0,follow,reverse
444,WP_E_C-007_R_000024,E_C-007_R,C-007,N0015,N0014,4.773,-11.675,3.669,2.8351,0.002248,1.0,1.0,follow,reverse
445,WP_E_C-007_R_000025,E_C-007_R,C-007,N0015,N0014,4.973,-11.866,3.729,2.8378,0.006579,1.0,1.0,follow,reverse
446,WP_E_C-007_R_000026,E_C-007_R,C-007,N0015,N0014,5.173,-12.057,3.789,2.8422,0.010971,1.0,1.0,follow,reverse
447,WP_E_C-007_R_000027,E_C-007_R,C-007,N0015,N0014,5.373,-12.248,3.848,2.8484,0.01547,1.0,1.0,follow,reverse
448,WP_E_C-007_R_000028,E_C-007_R,C-007,N0015,N0014,5.573,-12.439,3.906,2.8564,0.02012,1.0,1.0,follow,reverse
449,WP_E_C-007_R_000029,E_C-007_R,C-007,N0015,N0014,5.773,-12.631,3.962,2.8664,0.024967,1.0,1.0,follow,reverse
450,WP_E_C-007_R_000030,E_C-007_R,C-007,N0015,N0014,5.973,-12.824,4.017,2.8784,0.030057,1.0,1.0,follow,reverse
451,WP_E_C-007_R_000031,E_C-007_R,C-007,N0015,N0014,6.173,-13.017,4.069,2.8926,0.035436,1.0,1.0,follow,reverse
452,WP_E_C-007_R_000032,E_C-007_R,C-007,N0015,N0014,6.373,-13.211,4.118,2.909,0.04115,1.0,1.0,follow,reverse
453,WP_E_C-007_R_000033,E_C-007_R,C-007,N0015,N0014,6.573,-13.405,4.164,2.9279,0.047264,1.0,1.0,follow,reverse
454,WP_E_C-007_R_000034,E_C-007_R,C-007,N0015,N0014,6.773,-13.601,4.206,2.9496,0.05405,1.0,1.0,follow,reverse
455,WP_E_C-007_R_000035,E_C-007_R,C-007,N0015,N0014,6.973,-13.797,4.245,2.9739,0.060866,1.0,1.0,follow,reverse
456,WP_E_C-007_R_000036,E_C-007_R,C-007,N0015,N0014,7.173,-13.994,4.278,3.0014,0.068756,1.0,1.0,follow,reverse
457,WP_E_C-007_R_000037,E_C-007_R,C-007,N0015,N0014,7.373,-14.192,4.306,3.0321,0.076695,1.0,1.0,follow,reverse
458,WP_E_C-007_R_000038,E_C-007_R,C-007,N0015,N0014,7.573,-14.391,4.328,3.0664,0.085737,1.0,1.0,follow,reverse
459,WP_E_C-007_R_000039,E_C-007_R,C-007,N0015,N0014,7.773,-14.591,4.343,3.1043,0.094911,1.0,1.0,follow,reverse
460,WP_E_C-007_R_000040,E_C-007_R,C-007,N0015,N0014,7.973,-14.79,4.35,-3.137,0.104591,1.0,1.0,follow,reverse
461,WP_E_C-007_R_000041,E_C-007_R,C-007,N0015,N0014,8.173,-14.99,4.349,-3.0912,0.114603,1.0,1.0,follow,reverse
462,WP_E_C-007_R_000042,E_C-007_R,C-007,N0015,N0014,8.373,-15.19,4.339,-3.0414,0.124605,1.0,1.0,follow,reverse
463,WP_E_C-007_R_000043,E_C-007_R,C-007,N0015,N0014,8.573,-15.389,4.319,-2.9877,0.134261,1.0,1.0,follow,reverse
464,WP_E_C-007_R_000044,E_C-007_R,C-007,N0015,N0014,8.773,-15.587,4.289,-2.9305,0.143154,1.0,1.0,follow,reverse
465,WP_E_C-007_R_000045,E_C-007_R,C-007,N0015,N0014,8.973,-15.782,4.247,-2.8702,0.150815,1.0,1.0,follow,reverse
466,WP_E_C-007_R_000046,E_C-007_R,C-007,N0015,N0014,9.173,-15.975,4.193,-2.8075,0.156764,1.0,1.0,follow,reverse
467,WP_E_C-007_R_000047,E_C-007_R,C-007,N0015,N0014,9.373,-16.164,4.127,-2.8075,0.156764,1.0,1.0,follow,reverse
468,WP_E_L-011_F_000000,E_L-011_F,L-011,N0009,N0008,0.0,-14.282,9.597,-0.5485,0.0,1.0,1.0,follow,forward
469,WP_E_L-011_F_000001,E_L-011_F,L-011,N0009,N0008,0.2,-14.111,9.493,-0.5485,0.0,1.0,1.0,follow,forward
470,WP_E_L-011_F_000002,E_L-011_F,L-011,N0009,N0008,0.4,-13.941,9.389,-0.5485,-0.0,1.0,1.0,follow,forward
471,WP_E_L-011_F_000003,E_L-011_F,L-011,N0009,N0008,0.6,-13.77,9.285,-0.5485,0.0,1.0,1.0,follow,forward
472,WP_E_L-011_F_000004,E_L-011_F,L-011,N0009,N0008,0.8,-13.599,9.18,-0.5485,-0.0,1.0,1.0,follow,forward
473,WP_E_L-011_F_000005,E_L-011_F,L-011,N0009,N0008,1.0,-13.429,9.076,-0.5485,-0.0,1.0,1.0,follow,forward
474,WP_E_L-011_F_000006,E_L-011_F,L-011,N0009,N0008,1.2,-13.258,8.972,-0.5485,-0.0,1.0,1.0,follow,forward
475,WP_E_L-011_F_000007,E_L-011_F,L-011,N0009,N0008,1.4,-13.087,8.867,-0.5485,0.0,1.0,1.0,follow,forward
476,WP_E_L-011_F_000008,E_L-011_F,L-011,N0009,N0008,1.49,-13.011,8.821,-0.5485,0.0,1.0,1.0,follow,forward
477,WP_E_L-012_R_000000,E_L-012_R,L-012,N0001,N0016,0.0,0.554,1.473,1.9495,-0.0,1.0,1.0,follow,reverse
478,WP_E_L-012_R_000001,E_L-012_R,L-012,N0001,N0016,0.036,0.541,1.506,1.9495,-0.0,1.0,1.0,follow,reverse
479,WP_E_L-012_R_000002,E_L-012_R,L-012,N0001,N0016,0.236,0.467,1.691,1.9495,-0.0,1.0,1.0,follow,reverse
480,WP_E_L-012_R_000003,E_L-012_R,L-012,N0001,N0016,0.436,0.393,1.877,1.9495,0.0,1.0,1.0,follow,reverse
481,WP_E_L-012_R_000004,E_L-012_R,L-012,N0001,N0016,0.636,0.319,2.063,1.9495,0.0,1.0,1.0,follow,reverse
482,WP_E_L-012_R_000005,E_L-012_R,L-012,N0001,N0016,0.836,0.245,2.249,1.9495,0.0,1.0,1.0,follow,reverse
483,WP_E_L-012_R_000006,E_L-012_R,L-012,N0001,N0016,1.036,0.172,2.435,1.9495,-0.0,1.0,1.0,follow,reverse
484,WP_E_L-012_R_000007,E_L-012_R,L-012,N0001,N0016,1.236,0.098,2.621,1.9495,0.0,1.0,1.0,follow,reverse
485,WP_E_L-012_R_000008,E_L-012_R,L-012,N0001,N0016,1.436,0.024,2.806,1.9495,0.0,1.0,1.0,follow,reverse
486,WP_E_L-012_R_000009,E_L-012_R,L-012,N0001,N0016,1.636,-0.05,2.992,1.9495,0.0,1.0,1.0,follow,reverse
487,WP_E_L-012_R_000010,E_L-012_R,L-012,N0001,N0016,1.836,-0.124,3.178,1.9495,-0.0,1.0,1.0,follow,reverse
488,WP_E_L-012_R_000011,E_L-012_R,L-012,N0001,N0016,2.036,-0.198,3.364,1.9495,0.0,1.0,1.0,follow,reverse
489,WP_E_L-012_R_000012,E_L-012_R,L-012,N0001,N0016,2.236,-0.272,3.55,1.9495,-0.0,1.0,1.0,follow,reverse
490,WP_E_L-012_R_000013,E_L-012_R,L-012,N0001,N0016,2.436,-0.346,3.736,1.9495,-0.0,1.0,1.0,follow,reverse
491,WP_E_L-012_R_000014,E_L-012_R,L-012,N0001,N0016,2.636,-0.42,3.921,1.9495,0.0,1.0,1.0,follow,reverse
492,WP_E_L-012_R_000015,E_L-012_R,L-012,N0001,N0016,2.836,-0.494,4.107,1.9495,-0.0,1.0,1.0,follow,reverse
493,WP_E_L-012_R_000016,E_L-012_R,L-012,N0001,N0016,3.036,-0.568,4.293,1.9495,0.0,1.0,1.0,follow,reverse
494,WP_E_L-012_R_000017,E_L-012_R,L-012,N0001,N0016,3.236,-0.642,4.479,1.9495,0.0,1.0,1.0,follow,reverse
495,WP_E_L-012_R_000018,E_L-012_R,L-012,N0001,N0016,3.436,-0.716,4.665,1.9495,0.0,1.0,1.0,follow,reverse
